{
    "model_name": "distilbert-base-multilingual-cased",
    "epochs": 10,
    "batch_size": 16,
    "learning_rate": 1e-05,
    "num_labels": 50,
    "seed": 42,
    "evaluation": {
        "eval_loss": 1.670175552368164,
        "eval_accuracy": 0.725752508361204,
        "eval_precision": 0.7319599823054759,
        "eval_recall": 0.725752508361204,
        "eval_f1": 0.6963168463499818,
        "eval_runtime": 3.4344,
        "eval_samples_per_second": 174.12,
        "eval_steps_per_second": 11.064,
        "epoch": 10.0
    }
}